Host,Port,id,40
127.0.0.1,9090,0
127.0.0.1,9090,1
127.0.0.1,9090,2
127.0.0.1,9090,3
127.0.0.1,9090,4
127.0.0.1,9090,5
127.0.0.1,9090,6
127.0.0.1,9090,7
127.0.0.1,9090,8
127.0.0.1,9090,9
127.0.0.1,9090,10
127.0.0.1,9090,11
127.0.0.1,9090,12
127.0.0.1,9090,13
127.0.0.1,9090,14
127.0.0.1,9090,15
127.0.0.1,9090,16
127.0.0.1,9090,17
127.0.0.1,9090,18
127.0.0.1,9090,19
127.0.0.1,9090,20
127.0.0.1,9090,21
127.0.0.1,9090,22
127.0.0.1,9090,23
127.0.0.1,9090,24
127.0.0.1,9090,25
127.0.0.1,9090,26
127.0.0.1,9090,27
127.0.0.1,9090,38
127.0.0.1,9090,39
127.0.0.2,9090,0
127.0.0.2,9090,1
127.0.0.2,9090,2
127.0.0.2,9090,3
127.0.0.2,9090,4
127.0.0.2,9090,5
127.0.0.2,9090,6
127.0.0.2,9090,7
127.0.0.2,9090,8
127.0.0.2,9090,9
127.0.0.2,9090,10
127.0.0.2,9090,11
127.0.0.2,9090,12
127.0.0.2,9090,13
127.0.0.2,9090,14
127.0.0.2,9090,15
127.0.0.2,9090,16
127.0.0.2,9090,17
127.0.0.2,9090,26
127.0.0.2,9090,27
127.0.0.2,9090,28
127.0.0.2,9090,29
127.0.0.2,9090,30
127.0.0.2,9090,31
127.0.0.2,9090,32
127.0.0.2,9090,33
127.0.0.2,9090,34
127.0.0.3,9090,17
127.0.0.3,9090,26
127.0.0.3,9090,27
127.0.0.3,9090,28
127.0.0.3,9090,29
127.0.0.3,9090,30
127.0.0.3,9090,31
127.0.0.3,9090,32
127.0.0.3,9090,33
127.0.0.3,9090,34
127.0.0.3,9090,35
127.0.0.3,9090,38